ChannelID,ChannelName,Country,SubscriberCount
1,CaseyNeistat,US,1000000
2,LastWeekTonight,US,1000000
3,Rudy Mancuso,US,1000000
4,Good Mythical Morning,US,1000000
5,nigahiga,US,1000000
6,iJustine,US,1000000
7,Saturday Night Live,US,1000000
8,CrazyRussianHacker,US,1000000
9,20th Century Fox,US,1000000
10,Vox,US,1000000
11,NFL,US,1000000
12,amc,US,1000000
13,marshmello,US,1000000
14,NowThis World,US,1000000
15,The king of DIY,US,1000000
16,BostonDynamics,US,1000000
17,Cracked,US,1000000
18,TED-Ed,US,1000000
19,PeterSripol,US,1000000
20,SciShow,US,1000000
21,Life Noggin,US,1000000
22,Tested,US,1000000
23,Tom Scott,US,1000000
24,Refinery29,US,1000000
25,Gus Johnson,US,1000000
26,HellthyJunkFood,US,1000000
27,Numberphile,US,1000000
28,JerryRigEverything,US,1000000
29,Cleveland Cavaliers on cleveland.com,US,1000000
30,FaeryInLoveInc,US,1000000
31,hp_overload,US,1000000
32,Amazon.co.uk,US,1000000
33,EminemVEVO,US,1000000
34,officer401,US,1000000
35,Emirates,US,1000000
36,Nobrand,US,1000000
37,Screen Junkies,US,1000000
38,Hunter Hayes,US,1000000
39,Niki and Gabi,US,1000000
40,Nickelback,US,1000000
41,U2VEVO,US,1000000
42,BBC News,US,1000000
43,Ben Rohrbach,US,1000000
44,MatthewSantoro,US,1000000
45,Shawn Johnson East,US,1000000
46,dope2111,US,1000000
47,People are Awesome,US,1000000
48,NBA Highlights · YouTube,US,1000000
49,D3sports.com,US,1000000
50,FBE,US,1000000
51,Simply Nailogical,US,1000000
52,CBS Sunday Morning,US,1000000
53,WWE,US,1000000
54,JenniferLopezVEVO,US,1000000
55,Grace Helbig,US,1000000
56,The Graham Norton Show,US,1000000
57,Kevin Durant,US,1000000
58,JimBrowski 96HourNews,US,1000000
59,ViralHog,US,1000000
60,Jeremy Jahns,US,1000000
61,Jonathan Morrison,US,1000000
62,TIME,US,1000000
63,YouTube Spotlight,US,1000000
64,GEazyMusicVEVO,US,1000000
65,U.S. Navy,US,1000000
66,IGN,US,1000000
67,Safiya Nygaard,US,1000000
68,Lele Pons,US,1000000
69,INSIDER,US,1000000
70,John Lewis,US,1000000
71,Ed Sheeran,US,1000000
72,Sara Dietschy,US,1000000
73,MeganBatoon,US,1000000
74,John Campea,US,1000000
75,fosterthepeopleVEVO,US,1000000
76,Watch What Happens Live with Andy Cohen,US,1000000
77,Mayo Clinic,US,1000000
78,Jason Derulo,US,1000000
79,The Late Late Show with James Corden,US,1000000
80,cocheusadoooo,US,1000000
81,Amber Scholl,US,1000000
82,John Maclean,US,1000000
83,Bon Appétit,US,1000000
84,ABC News,US,1000000
85,mayratouchofglam,US,1000000
86,BuzzFeed Celeb,US,1000000
87,Zero Media,US,1000000
88,CMAVEVO,US,1000000
89,Alan Walker,US,1000000
90,SUPERFRUIT,US,1000000
91,Saint Louis Chess Club,US,1000000
92,ABC Television Network,US,1000000
93,Animal Adventure Park,US,1000000
94,HowToBasic,US,1000000
95,CinemaSins,US,1000000
96,kimbramusic,US,1000000
97,Capital FM,US,1000000
98,Hope For Paws - Official Rescue Channel,US,1000000
99,IISuperwomanII,US,1000000
100,Hopeless Records,US,1000000
101,Rachel and Jun,US,1000000
102,BBC Music,US,1000000
103,Late Night with Seth Meyers,US,1000000
104,H&M,US,1000000
105,CamilaCabelloVEVO,US,1000000
106,Liza Koshy,US,1000000
107,TheEllenShow,US,1000000
108,clothesencounters,US,1000000
109,FoxSearchlight,US,1000000
110,LukeBryanVEVO,US,1000000
111,NiallHoranVEVO,US,1000000
112,empireofthesunvevo,US,1000000
113,NFVEVO,US,1000000
114,Marques Brownlee,US,1000000
115,Atlantic Records,US,1000000
116,MsAaliyahJay,US,1000000
117,Danny Sapko,US,1000000
118,Vogue,US,1000000
119,Michelle Khare,US,1000000
120,Full Frontal with Samantha Bee,US,1000000
121,Nicole Guerriero,US,1000000
122,The Late Show with Stephen Colbert,US,1000000
123,Jimmy Kimmel Live,US,1000000
124,SuperCarlinBrothers,US,1000000
125,SiaVEVO,US,1000000
126,Business Insider,US,1000000
127,2CELLOS,US,1000000
128,theneedledrop,US,1000000
129,Simon's Cat,US,1000000
130,Andy Grammer,US,1000000
131,RemyMaVEVO,US,1000000
132,Nintendo,US,1000000
133,Dina Tokio,US,1000000
134,Team Coco,US,1000000
135,PitbullVEVO,US,1000000
136,Late Show with David Letterman,US,1000000
137,Alicia Keys,US,1000000
138,ElbowVEVO,US,1000000
139,MDNA SKIN,US,1000000
140,poofables,US,1000000
141,SigridVEVO,US,1000000
142,MOMOMOYOUTHVEVO,US,1000000
143,TheScriptVEVO,US,1000000
144,Brothers Green Eats,US,1000000
145,Netflix,US,1000000
146,Abroad in Japan,US,1000000
147,Tucker Gott,US,1000000
148,Nahre Sol,US,1000000
149,ThirtySecondsToMarsVEVO,US,1000000
150,HarryStylesVEVO,US,1000000
151,Wong Fu Productions,US,1000000
152,Keith Urban,US,1000000
153,Maroon5VEVO,US,1000000
154,X Factor Italia,US,1000000
155,Tyler Williams,US,1000000
156,Stewart Brand,US,1000000
157,Chris and Jack,US,1000000
158,The School of Life,US,1000000
159,E! Entertainment,US,1000000
160,Whitney Port,US,1000000
161,90s Commercials,US,1000000
162,Breakfast Club Power 105.1 FM,US,1000000
163,Enter Shikari,US,1000000
164,Caterham Cars,US,1000000
165,PostmodernJukebox,US,1000000
166,PinkVEVO,US,1000000
167,Tamar Chronicles,US,1000000
168,Kitten Lady,US,1000000
169,Guinness World Records,US,1000000
170,Blockbuster,US,1000000
171,TrainVEVO,US,1000000
172,Christen Dominique,US,1000000
173,James Charles,US,1000000
174,FreeDawkins,US,1000000
175,The Infographics Show,US,1000000
176,Jenny Hanell,US,1000000
177,PetaPixel,US,1000000
178,RM Videos,US,1000000
179,BrianJustinCrum,US,1000000
180,CupcakeJemma,US,1000000
181,Anaki Abo,US,1000000
182,Katy Perry,US,1000000
183,I'm With Her,US,1000000
184,Zoella,US,1000000
185,Storyful News,US,1000000
186,Tu Fan,US,1000000
187,MyHarto,US,1000000
188,Chicago Sun-Times,US,1000000
189,PhilPhillipsVEVO,US,1000000
190,Tati,US,1000000
191,Ozuna,US,1000000
192,Madelaine Petsch,US,1000000
193,Steve Kovach,US,1000000
194,ESPN,US,1000000
195,LetsGoWarriors,US,1000000
196,KSNV News 3 Las Vegas,US,1000000
197,Sailor J,US,1000000
198,WIRED,US,1000000
199,HiHo Kids,US,1000000
200,ElectroBOOM,US,1000000
201,Brent Pella,US,1000000
202,Cards Against Humanity,US,1000000
203,The Slow Mo Guys,US,1000000
204,TechSmartt,US,1000000
205,JunsKitchen,US,1000000
206,Attaullah Malik,US,1000000
207,The Tonight Show Starring Jimmy Fallon,US,1000000
208,Anwar Jibawi,US,1000000
209,Washington Post,US,1000000
210,Dolan Twins,US,1000000
211,Jackie Aina,US,1000000
212,TV Promos,US,1000000
213,Taylor Swift,US,1000000
214,ProZD,US,1000000
215,REACT,US,1000000
216,First We Feast,US,1000000
217,Brian Hull,US,1000000
218,William Osman,US,1000000
219,Access Hollywood,US,1000000
220,emma chamberlain,US,1000000
221,Now You See It,US,1000000
222,Dancing With The Stars,US,1000000
223,Summit,US,1000000
224,reputationswift,US,1000000
225,DunkFest,US,1000000
226,Cut,US,1000000
227,The Scran Line,US,1000000
228,MattMasonPhotography,US,1000000
229,Vanity Fair,US,1000000
230,Red Bull,US,1000000
231,BBCRadio1VEVO,US,1000000
232,Mark Ferris,US,1000000
233,todrickhall,US,1000000
234,Donut Media,US,1000000
235,Eater,US,1000000
236,HANSON,US,1000000
237,Frank May,US,1000000
238,NBA on ESPN,US,1000000
239,SIRAH,US,1000000
240,ScreenPrism,US,1000000
241,Valk Aviation,US,1000000
242,Shantell Martin,US,1000000
243,Gregg Peterson,US,1000000
244,Estée Lalonde,US,1000000
245,Canada Soccer,US,1000000
246,WLKY News Louisville,US,1000000
247,The Office US,US,1000000
248,Entertainment Weekly,US,1000000
249,12 News,US,1000000
250,Bkav Corp,US,1000000
251,Daelric,US,1000000
252,"monday.com, formerly dapulse",US,1000000
253,GQ,US,1000000
254,TMZSports,US,1000000
255,Caters Clips,US,1000000
256,You Suck At Cooking,US,1000000
257,Tanner Braungardt,US,1000000
258,iHasCupquake,US,1000000
259,FallOutBoyVEVO,US,1000000
260,alt-J,US,1000000
261,Demi Lovato,US,1000000
262,Matthias,US,1000000
263,Movie Munchies,US,1000000
264,Fueled By Ramen,US,1000000
265,Mental Floss,US,1000000
266,Pixielocks,US,1000000
267,SHOWTIME Sports,US,1000000
268,Cody'sLab Backup,US,1000000
269,Paramount Pictures,US,1000000
270,Atlanta Hawks,US,1000000
271,NBA,US,1000000
272,ColliderVideos,US,1000000
273,Jenny Nicholson,US,1000000
274,Big Cat Rescue,US,1000000
275,RachelPlattenVEVO,US,1000000
276,standupmaths,US,1000000
277,Wendy Williams,US,1000000
278,VICE,US,1000000
279,BBC Earth,US,1000000
280,BBC Radio 1,US,1000000
281,Rappler,US,1000000
282,Sarasota Police Department,US,1000000
283,Vostok.bike,US,1000000
284,GoDucksdotcom,US,1000000
285,Hybrid Network,US,1000000
286,Mark Linsangan,US,1000000
287,LOFTON SHAW,US,1000000
288,BellatorMMA,US,1000000
289,New Scientist,US,1000000
290,Warner Bros. Pictures,US,1000000
291,LuisFonsiVEVO,US,1000000
292,Kurzgesagt – In a Nutshell,US,1000000
293,ibighit,US,1000000
294,jacksfilms,US,1000000
295,The Talk,US,1000000
296,Austin Evans,US,1000000
297,The Verge,US,1000000
298,MariahCareyVEVO,US,1000000
299,CollegeHumor,US,1000000
300,Chris Stuckmann,US,1000000
301,MassLive,US,1000000
302,Klossy,US,1000000
303,Björk,US,1000000
304,DJSnakeVEVO,US,1000000
305,Butch Hartman,US,1000000
306,It's Okay To Be Smart,US,1000000
307,Major Lazer,US,1000000
308,Dua Lipa,US,1000000
309,Philadelphia 76ers,US,1000000
310,Jessii Vee,US,1000000
311,The Orchard Movies,US,1000000
312,Shmee150,US,1000000
313,TODAY,US,1000000
314,Eric Strebel,US,1000000
315,Auralnauts,US,1000000
316,60 Minutes,US,1000000
317,ChrisStapletonVEVO,US,1000000
318,vlogbrothers,US,1000000
319,SMTOWN,US,1000000
320,Green Day,US,1000000
321,HaileeSteinfeldVEVO,US,1000000
322,AsapSCIENCE,US,1000000
323,K Yuen,US,1000000
324,Half as Interesting,US,1000000
325,RealLifeLore,US,1000000
326,Ultra Music,US,1000000
327,Shade 45,US,1000000
328,The Real Daytime,US,1000000
329,Matthias Wandel,US,1000000
330,Lauren Elizabeth,US,1000000
331,TimandFaithVEVO,US,1000000
332,Funny Or Die,US,1000000
333,Mayim Bialik,US,1000000
334,Lauv,US,1000000
335,Ranz Kyle,US,1000000
336,NBC News,US,1000000
337,Matt Steffanina,US,1000000
338,MisterWivesVEVO,US,1000000
339,YBF Chic,US,1000000
340,littleBits Electronics,US,1000000
341,Audience Network,US,1000000
342,Hot Dad,US,1000000
343,Disney•Pixar,US,1000000
344,SelenaGomezVEVO,US,1000000
345,Rosanna Pansino,US,1000000
346,Thomas Sanders,US,1000000
347,CrashRacing,US,1000000
348,Tasty,US,1000000
349,Nile Wilson,US,1000000
350,AnthonyPadilla,US,1000000
351,Rclbeauty101,US,1000000
352,Maddie Ziegler,US,1000000
353,Good Morning Britain,US,1000000
354,ToveLoVEVO,US,1000000
355,ImagineDragonsVEVO,US,1000000
356,ChloexHalleVEVO,US,1000000
357,NARLtv,US,1000000
358,Video Library,US,1000000
359,Single Shot,US,1000000
360,FlyFastandLow,US,1000000
361,Tegan and Sara,US,1000000
362,daronjay,US,1000000
363,Taras Malyar,US,1000000
364,astroboy1960,US,1000000
365,Quad9 DNS,US,1000000
366,GinWigmoreVEVO,US,1000000
367,1theK (원더케이),US,1000000
368,Topi The Corgi,US,1000000
369,Disney Movie Trailers,US,1000000
370,Dwarf Mamba,US,1000000
371,Kitchen Nightmares,US,1000000
372,Just Wow me,US,1000000
373,ladygagaarraza,US,1000000
374,HBO,US,1000000
375,mvt.ias,US,1000000
376,AIA awards,US,1000000
377,Taylor Nicole Dean,US,1000000
378,USA TODAY,US,1000000
379,NOLA.com,US,1000000
380,BuzzFeed Nifty,US,1000000
381,Sam Chui,US,1000000
382,Tech Insider,US,1000000
383,MiguelVEVO,US,1000000
384,Tamika Hall,US,1000000
385,Matoma,US,1000000
386,JessieJVEVO,US,1000000
387,ParsonJamesVEVO,US,1000000
388,Maggie Lindemann,US,1000000
389,Kevin Rabatin,US,1000000
390,FRANKIEmusicVEVO,US,1000000
391,Radovan Lazic,US,1000000
392,Duston Ward,US,1000000
393,Entertainment Tonight,US,1000000
394,Smosh,US,1000000
395,Bruno Mars,US,1000000
396,The Weather Channel,US,1000000
397,The View,US,1000000
398,ExplosmEntertainment,US,1000000
399,The Grand Tour,US,1000000
400,slaymeclarkson c:,US,1000000
401,Veritasium,US,1000000
402,Josh Groban,US,1000000
403,Billboard,US,1000000
404,How to DAD,US,1000000
405,hudsonunionsociety,US,1000000
406,WildTurkeyBourbon,US,1000000
407,Simon and Martina,US,1000000
408,AlishaMarie,US,1000000
409,Fleur DeForce,US,1000000
410,David Sistaro,US,1000000
411,Passenger,US,1000000
412,Mashed,US,1000000
413,emmymadeinjapan,US,1000000
414,JoergSprave,US,1000000
415,Leroy Sanchez,US,1000000
416,Rob Andretti,US,1000000
417,Lindsey Stirling,US,1000000
418,Tom Stanton,US,1000000
419,Polyphonic,US,1000000
420,Freeform,US,1000000
421,BTS Videos,US,1000000
422,Binging with Babish,US,1000000
423,CBS This Morning,US,1000000
424,Peter McKinnon,US,1000000
425,The Voice,US,1000000
426,Hannah Stocking,US,1000000
427,Wendover Productions,US,1000000
428,Inanna Sarkis,US,1000000
429,ShawnMendesVEVO,US,1000000
430,NASA Jet Propulsion Laboratory,US,1000000
431,Tyler Oakley,US,1000000
432,Buttered Side Down,US,1000000
433,Doug Jones for Senate,US,1000000
434,YTN NEWS,US,1000000
435,ConnorFranta,US,1000000
436,Alex Gilbert,US,1000000
437,Colleen Vlogs,US,1000000
438,CNN,US,1000000
439,Bob Przybylo,US,1000000
440,Marie McGann,US,1000000
441,Useless Duck Company,US,1000000
442,Adult Swim,US,1000000
443,Philip DeFranco,US,1000000
444,The King of Random,US,1000000
445,Carla Resendiz,US,1000000
446,UrAvgConsumer,US,1000000
447,Sufficiently Advanced,US,1000000
448,DemiLovatoVEVO,US,1000000
449,LadyGagaVEVO,US,1000000
450,Brat,US,1000000
451,Kandee Johnson,US,1000000
452,Nerdwriter1,US,1000000
453,CAguileraVEVO,US,1000000
454,Looper,US,1000000
455,Miranda Sings,US,1000000
456,Eva Lunde Bentley,US,1000000
457,PTXofficial,US,1000000
458,The Deal Guy,US,1000000
459,Yes Theory,US,1000000
460,DreamCastle_629,US,1000000
461,The Tommy Edison Experience,US,1000000
462,MyLifeAsEva,US,1000000
463,lara6683,US,1000000
464,Zendaya,US,1000000
465,adidas Football,US,1000000
466,ScreenJunkies News,US,1000000
467,Portugal. The Man,US,1000000
468,chris lee,US,1000000
469,Kelly Clarkson,US,1000000
470,How To Cake It,US,1000000
471,The Hollywood Reporter,US,1000000
472,NickJonasVEVO,US,1000000
473,CBS Miami,US,1000000
474,Voicebot,US,1000000
475,The Sports King,US,1000000
476,John Sellars,US,1000000
477,E! News,US,1000000
478,The Current Source,US,1000000
479,HACKADAY,US,1000000
480,Taylor Alexander,US,1000000
481,Apple,US,1000000
482,TheBackyardScientist,US,1000000
483,PB Comps,US,1000000
484,Chris Lee,US,1000000
485,Royal Academy of Arts,US,1000000
486,Spectrum Haleskarth,US,1000000
487,Milkmen Design,US,1000000
488,Masters Of The Sun,US,1000000
489,bigclivedotcom,US,1000000
490,RAP DAILY,US,1000000
491,OK Go,US,1000000
492,Verizon,US,1000000
493,ELLEUKTV,US,1000000
494,DisneyMusicVEVO,US,1000000
495,Kanimuna Kisaka,US,1000000
496,BehindTheSounds,US,1000000
497,It's a small world,US,1000000
498,ELLE,US,1000000
499,Casually Explained,US,1000000
500,ThreadBanger,US,1000000
501,grav3yardgirl,US,1000000
502,BuzzFeedVideo,US,1000000
503,Lane Anderson,US,1000000
504,AmazingPhil,US,1000000
505,Simone Giertz,US,1000000
506,Laura in the Kitchen,US,1000000
507,Hevesh5,US,1000000
508,Anew Start,US,1000000
509,Ingrid Nilsen,US,1000000
510,Unique Vibes,US,1000000
511,EverythingApplePro,US,1000000
512,Pitch Perfect,US,1000000
513,HARRY,US,1000000
514,Turbo Conquering Mega Eagle,US,1000000
515,flirppy242,US,1000000
516,JonTronShow,US,1000000
517,Dorkly,US,1000000
518,Guardian News,US,1000000
519,Markiplier,US,1000000
520,FOX Sports,US,1000000
521,Marvel Entertainment,US,1000000
522,Miss Universe,US,1000000
523,NZPoliceRecruitment,US,1000000
524,Bethany Mota,US,1000000
525,Tina Nguyen,US,1000000
526,AmandaMoor & Craft Ideas,US,1000000
527,Sesame Street,US,1000000
528,Cloth Map,US,1000000
529,Gatorade,US,1000000
530,Srinath .S,US,1000000
531,The White House,US,1000000
532,Ellie and Jared,US,1000000
533,Doug DeMuro,US,1000000
534,Unbox Therapy,US,1000000
535,Just Between Us,US,1000000
536,Cam'ron,US,1000000
537,The X Factor UK,US,1000000
538,CFL Insider,US,1000000
539,Technomanila,US,1000000
540,West Midlands Police,US,1000000
541,David Steuer,US,1000000
542,CS Dojo,US,1000000
543,AFP news agency,US,1000000
544,I Like To Make Stuff,US,1000000
545,Plasma Channel,US,1000000
546,CalumScottVEVO,US,1000000
547,Liam Gallagher,US,1000000
548,Marco Reps,US,1000000
549,Bravo,US,1000000
550,Linkin Park,US,1000000
551,toofacedcosmetics,US,1000000
552,Epicurious,US,1000000
553,Sevdaliza,US,1000000
554,shane,US,1000000
555,Munchies,US,1000000
556,Variety,US,1000000
557,Good Morning America,US,1000000
558,KaneBrownVEVO,US,1000000
559,Molly Burke,US,1000000
560,Grandpa Kitchen,US,1000000
561,ElleOfTheMills,US,1000000
562,Mike Boyd,US,1000000
563,DamonAndJo,US,1000000
564,Wassabi Productions,US,1000000
565,Clevver News,US,1000000
566,Darren Criss,US,1000000
567,ANDREW HUANG,US,1000000
568,Steve TV Show,US,1000000
569,Great Big Story,US,1000000
570,legofreedom1,US,1000000
571,Loudwire,US,1000000
572,SiriusXM,US,1000000
573,Apple Support,US,1000000
574,HQVideoDude,US,1000000
575,Teen Vogue,US,1000000
576,Lame Videos,US,1000000
577,Lucy Moon,US,1000000
578,Applied Science,US,1000000
579,Why Don't We,US,1000000
580,geicocaveman2012,US,1000000
581,Maker's Box,US,1000000
582,shurap,US,1000000
583,SupremeSounds,US,1000000
584,Context Information Security,US,1000000
585,Lamborghini,US,1000000
586,Beats by Dre,US,1000000
587,Snapchat,US,1000000
588,Mark Rober,US,1000000
589,Sony Pictures Entertainment,US,1000000
590,SamSmithWorldVEVO,US,1000000
591,Kylie Cosmetics,US,1000000
592,The Telegraph,US,1000000
593,Trailers Promos Teasers,US,1000000
594,HollywoodLife,US,1000000
595,BUILD Series,US,1000000
596,Andre Black Nerd,US,1000000
597,NitroV2,US,1000000
598,Omeleto,US,1000000
599,Mashable Daily,US,1000000
600,Feelunique,US,1000000
601,The New Yorker,US,1000000
602,TiffyQuake,US,1000000
603,David Jardine,US,1000000
604,The Royal Family Channel,US,1000000
605,Rainsford,US,1000000
606,Billboard News,US,1000000
607,The Cuddle Squad,US,1000000
608,Define American,US,1000000
609,Chriselle Lim,US,1000000
610,MrNorrisVideos,US,1000000
611,ТСН,US,1000000
612,SiggasNation™,US,1000000
613,The New York Times,US,1000000
614,Anna Akana,US,1000000
615,Alesso,US,1000000
616,The Dodo,US,1000000
617,colinfurze,US,1000000
618,Corinne Leigh,US,1000000
619,Beyond The Trailer,US,1000000
620,Glam&Gore,US,1000000
621,CYNVEVO,US,1000000
622,The Official Pokémon YouTube Channel,US,1000000
623,WTHR,US,1000000
624,Millie T,US,1000000
625,Google,US,1000000
626,"One List , One Life",US,1000000
627,Focus Features,US,1000000
628,Galantis,US,1000000
629,POPSUGAR,US,1000000
630,DraftExpress,US,1000000
631,NASA,US,1000000
632,truTV,US,1000000
633,Mnet K-POP,US,1000000
634,Inside Edition,US,1000000
635,TheJuicyJVEVO,US,1000000
636,5FDPVEVO,US,1000000
637,Shoshana Bean,US,1000000
638,Open Road Films,US,1000000
639,Martin Garrix,US,1000000
640,How To Cook That,US,1000000
641,Itzztonytony,US,1000000
642,JOLLY,US,1000000
643,LissieVEVO,US,1000000
644,PrettyMuchVEVO,US,1000000
645,FIFATV,US,1000000
646,TBS,US,1000000
647,cgriesemer,US,1000000
648,Genius,US,1000000
649,Flash Rahbbit,US,1000000
650,Charles Chan,US,1000000
651,Science vs Cinema,US,1000000
652,Wengie,US,1000000
653,Mr. Kate,US,1000000
654,ワーナー ブラザース 公式チャンネル,US,1000000
655,communitychannel,US,1000000
656,Star Wars,US,1000000
657,Arden Rose,US,1000000
658,Mike Diva,US,1000000
659,JamesAVEVO,US,1000000
660,Tessa Violet,US,1000000
661,kmichelle,US,1000000
662,Complex,US,1000000
663,MOBO Awards,US,1000000
664,Maggie Smith Kühn,US,1000000
665,Pies Are Awesome,US,1000000
666,Facelesstech,US,1000000
667,Ross Kempsell,US,1000000
668,5-Minute Crafts,US,1000000
669,BuzzFeedBlue,US,1000000
670,The Food Ranger,US,1000000
671,"European Space Agency, ESA",US,1000000
672,Be Amazed,US,1000000
673,Máquina Voadora,US,1000000
674,Tom Daley,US,1000000
675,This Morning,US,1000000
676,Xscape - Topic,US,1000000
677,SB Nation,US,1000000
678,First Aid Kit,US,1000000
679,The University of Chicago,US,1000000
680,Vote The Process,US,1000000
681,RackaRacka,US,1000000
682,QUARTZ,US,1000000
683,razzark666,US,1000000
684,Skelly Robot,US,1000000
685,LIL UZI VERT,US,1000000
686,Universal Pictures,US,1000000
687,5MadMovieMakers,US,1000000
688,Victoria's Secret,US,1000000
689,TMZ,US,1000000
690,GraceVanderWaalVEVO,US,1000000
691,Pac-12 Networks,US,1000000
692,Big Ten Network,US,1000000
693,PBS NewsHour,US,1000000
694,Shay Mitchell,US,1000000
695,Car Commercials of the Past,US,1000000
696,Boldly,US,1000000
697,Gigi Gorgeous,US,1000000
698,AlmazanKitchen,US,1000000
699,PrincessPiaMiaVEVO,US,1000000
700,Dude Perfect,US,1000000
701,LecraeVEVO,US,1000000
702,MLG Highlights,US,1000000
703,Tanya Burr,US,1000000
704,Karina Garcia,US,1000000
705,jypentertainment,US,1000000
706,KISS FM UK,US,1000000
707,Bloomberg Politics,US,1000000
708,CrashCourse,US,1000000
709,Kayley Melissa,US,1000000
710,Magnolia Pictures & Magnet Releasing,US,1000000
711,National Geographic,US,1000000
712,Associated Press,US,1000000
713,Jack and Dean,US,1000000
714,Doctor Mike,US,1000000
715,Kita Osaka,US,1000000
716,neilyoungchannel,US,1000000
717,The Film Theorists,US,1000000
718,Pokémon GO,US,1000000
719,CBS Los Angeles,US,1000000
720,FILMWEBTV,US,1000000
721,Syracuse Orange,US,1000000
722,Lifetime,US,1000000
723,Outback Steakhouse,US,1000000
724,E! Live from the Red Carpet,US,1000000
725,LadBaby Official,US,1000000
726,郭韋辰,US,1000000
727,Clark Zhu,US,1000000
728,Fox News,US,1000000
729,MickMake,US,1000000
730,ABC7,US,1000000
731,Campo Santo Productions,US,1000000
732,Vlogs By DK4L,US,1000000
733,MoorInfo,US,1000000
734,Asthmatic Kitty Records,US,1000000
735,Muselk,US,1000000
736,Simply Not Logical,US,1000000
737,GohmertTX01,US,1000000
738,MSNBC,US,1000000
739,Pittsburgh Dad,US,1000000
740,Jessica Kellgren-Fozard,US,1000000
741,Honda,US,1000000
742,The CW Television Network,US,1000000
743,jessiepaege,US,1000000
744,PsychoSoprano,US,1000000
745,Beme News,US,1000000
746,Alissa Ashley,US,1000000
747,melodysheep,US,1000000
748,Marteen Estevez,US,1000000
749,NWSSanDiego,US,1000000
750,"But First, Coffee",US,1000000
751,taalk com,US,1000000
752,National Safety Council,US,1000000
753,FrownsUpsideDown,US,1000000
754,HOTSPOTATL,US,1000000
755,edlover4real,US,1000000
756,Max Joseph,US,1000000
757,MigosVEVO,US,1000000
758,thegameawards,US,1000000
759,MoreZoella,US,1000000
760,LouisTomlinsonVEVO,US,1000000
761,PLAYERUNKNOWN'S BATTLEGROUNDS,US,1000000
762,LIVEKellyandRyan,US,1000000
763,Marzia,US,1000000
764,DanAndPhilGAMES,US,1000000
765,Whitney Avalon,US,1000000
766,Manny Mua,US,1000000
767,leonalewis,US,1000000
768,JK Brickworks,US,1000000
769,Merrell Twins Live,US,1000000
770,greyson97,US,1000000
771,The Sydney Morning Herald,US,1000000
772,LiamPayneVEVO,US,1000000
773,officialcharlixcx,US,1000000
774,SR Trailers and Interviews,US,1000000
775,Tom Thum,US,1000000
776,VidCon,US,1000000
777,Duan Mackenzie,US,1000000
778,rollingstoneonline,US,1000000
779,CIRCUITBEARD,US,1000000
780,Awkward Puppets,US,1000000
781,Desi Perkins,US,1000000
782,BBC,US,1000000
783,The Unipiper,US,1000000
784,Henry Prince Mak,US,1000000
785,Mr Ben Brown,US,1000000
786,Michael Bublé,US,1000000
787,Taylor R,US,1000000
788,Bad Lip Reading,US,1000000
789,Poppy,US,1000000
790,jennxpenn,US,1000000
791,euronews (in English),US,1000000
792,thevirts,US,1000000
793,CBC News,US,1000000
794,dekuNukem,US,1000000
795,Karim Jovian,US,1000000
796,BeyondSlowMotion,US,1000000
797,New York Magazine,US,1000000
798,FliteTest,US,1000000
799,devinsupertramp,US,1000000
800,Logan Paul Vlogs,US,1000000
801,TheAngryGrandpaShow,US,1000000
802,CNBC,US,1000000
803,CBS News,US,1000000
804,BeOurGuest,US,1000000
805,GoPro,US,1000000
806,Youtube Tea,US,1000000
807,Inthefrow,US,1000000
808,Moby,US,1000000
809,BrettYoungVEVO,US,1000000
810,Samantha Maria,US,1000000
811,Disneyland Experience,US,1000000
812,Chad Kroeger,US,1000000
813,Confuse News,US,1000000
814,Ford Europe,US,1000000
815,Condé Nast Traveler,US,1000000
816,Trevor Moran,US,1000000
817,Rob Bliss,US,1000000
818,jenniferhudsonVEVO,US,1000000
819,PeopleTV,US,1000000
820,Jacob Collier,US,1000000
821,VICE News,US,1000000
822,MaccabeatsVideos,US,1000000
823,Bachelor Nation on ABC,US,1000000
824,PHP,US,1000000
825,ilikeweylie,US,1000000
826,Anthem Lights,US,1000000
827,Al Jazeera English,US,1000000
828,Sherylcrow,US,1000000
829,RocketJump Film School,US,1000000
830,blvck King,US,1000000
831,Trevor Wallace,US,1000000
832,Vat19Nvjds,US,1000000
833,SnekTek,US,1000000
834,Domain of Science,US,1000000
835,Birdbox Studio,US,1000000
836,Just Marcus,US,1000000
837,James Veitch,US,1000000
838,Roy Moore for Senate,US,1000000
839,Dj Earworm,US,1000000
840,Bethel Music,US,1000000
841,Jaclyn Hill,US,1000000
842,ChrisBrownVEVO,US,1000000
843,T-Mobile,US,1000000
844,ThePianoGuys,US,1000000
845,Carly and Erin,US,1000000
846,GwenStefaniVEVO,US,1000000
847,Blue Origin,US,1000000
848,Shameless Maya,US,1000000
849,LukeCombsVEVO,US,1000000
850,austinmcconnell,US,1000000
851,LaMadelynn,US,1000000
852,The Atlantic,US,1000000
853,StoryCorps,US,1000000
854,EllieGouldingVEVO,US,1000000
855,Davey Swatpaz,US,1000000
856,Rob Scallon,US,1000000
857,Penguin Books UK,US,1000000
858,Dr. Sandra Lee (aka Dr. Pimple Popper),US,1000000
859,American Bridge 21st Century,US,1000000
860,GreatScott!,US,1000000
861,KhalidVEVO,US,1000000
862,TaylorSwiftVEVO,US,1000000
863,KeithUrbanVEVO,US,1000000
864,Orion Pictures,US,1000000
865,ChangeofplanZ,US,1000000
866,MTV International,US,1000000
867,WE tv,US,1000000
868,LD Entertainment,US,1000000
869,doddlevloggle,US,1000000
870,Ryan Williams,US,1000000
871,IGN News,US,1000000
872,Kingsley,US,1000000
873,Rainer Hilland,US,1000000
874,SPORTSNET,US,1000000
875,Hannah Witton,US,1000000
876,Newsy,US,1000000
877,Nat Geo WILD,US,1000000
878,SpaceX,US,1000000
879,HOT 97,US,1000000
880,Tom Harlock,US,1000000
881,dodieVEVO,US,1000000
882,David Guetta,US,1000000
883,cicigoodies2011,US,1000000
884,Kyle Gunderson,US,1000000
885,Michael Rigsby,US,1000000
886,Katzun,US,1000000
887,MK Dons,US,1000000
888,greeenpro,US,1000000
889,FightHype.com,US,1000000
890,Empire,US,1000000
891,Rock & Roll Hall of Fame,US,1000000
892,MovieAccessTrailers,US,1000000
893,Bloomberg,US,1000000
894,CyclingTips,US,1000000
895,misleadingsilhouette,US,1000000
896,itsAlexClark,US,1000000
897,TheReportOfTheWeek,US,1000000
898,Zach Simmons,US,1000000
899,IAmAnneMarie,US,1000000
900,MasterClass,US,1000000
901,Lawrence Livermore National Laboratory,US,1000000
902,tovestyrkeVEVO,US,1000000
903,Cole and Marmalade,US,1000000
904,Hak5,US,1000000
905,Missguided,US,1000000
906,Xbox,US,1000000
907,Freddie Lister,US,1000000
908,Collins Key,US,1000000
909,Third Leg Studios,US,1000000
910,Blurred Culture,US,1000000
911,grandayy,US,1000000
912,NikkieTutorials,US,1000000
913,NFL World,US,1000000
914,Sport Hub,US,1000000
915,FOX,US,1000000
916,CHRIS-RS,US,1000000
917,Adam Neely,US,1000000
918,Clevver Style,US,1000000
919,PointlessBlogVlogs,US,1000000
920,TechRax,US,1000000
921,Chris Hadfield's Rare Earth,US,1000000
922,Goodwillsandusky,US,1000000
923,Amelia Liana,US,1000000
924,Chili Klaus,US,1000000
925,The Oregonian,US,1000000
926,ThomasRhettVEVO,US,1000000
927,wdwmagic,US,1000000
928,CGP Grey,US,1000000
929,Inside the Magic,US,1000000
930,Top Korean News,US,1000000
931,Sports Lovers n1,US,1000000
932,nickjonas,US,1000000
933,Davie504,US,1000000
934,Chevrolet,US,1000000
935,Hillsong Worship,US,1000000
936,Los Angeles Times,US,1000000
937,CrazyLaughAction,US,1000000
938,TheBeatlesVEVO,US,1000000
939,52 Skillz,US,1000000
940,Daily Caller,US,1000000
941,The Nocturnal Alchemist,US,1000000
942,Paul Sellers,US,1000000
943,RetroManCave,US,1000000
944,JackJohnsonVEVO,US,1000000
945,boogie2988,US,1000000
946,The Bella Twins,US,1000000
947,Jessica Vu,US,1000000
948,Step Up: High Water,US,1000000
949,Michael Dapaah,US,1000000
950,BBC America,US,1000000
951,LifeAccordingToJimmy,US,1000000
952,foofightersVEVO,US,1000000
953,Alec Steele,US,1000000
954,Will Darbyshire,US,1000000
955,The Lore Master,US,1000000
956,Reach Records,US,1000000
957,MITCHELL WIGGS,US,1000000
958,SZAVEVO,US,1000000
959,Crafty Panda,US,1000000
960,Peter Caine Dog Training,US,1000000
961,Ben Pluimer,US,1000000
962,KatyPerryVEVO,US,1000000
963,Brave Wilderness,US,1000000
964,Panic! At The Disco,US,1000000
965,littlemixVEVO,US,1000000
966,Amazon Studios,US,1000000
967,ByronTalbott,US,1000000
968,Cody'sLab,US,1000000
969,New England Patriots,US,1000000
970,Channel 4,US,1000000
971,Momentum Pictures,US,1000000
972,Waterjet Channel,US,1000000
973,Invisible People,US,1000000
974,Macklemore LLC,US,1000000
975,Cardi B,US,1000000
976,ONE Media,US,1000000
977,JennaMarbles,US,1000000
978,SugarlandVEVO,US,1000000
979,Whistle Sports,US,1000000
980,JarJar Abrams,US,1000000
981,Lisa Eldridge,US,1000000
982,Foot Locker,US,1000000
983,BBC Three,US,1000000
984,INQUIRER.net,US,1000000
985,Lyft,US,1000000
986,Spotify,US,1000000
987,Star Wars Coffee,US,1000000
988,TheUnlockr,US,1000000
989,Brad Mondo,US,1000000
990,Business Insider UK,US,1000000
991,negermano,US,1000000
992,Frankie Vision,US,1000000
993,KendrickLamarVEVO,US,1000000
994,Gerry Litwin,US,1000000
995,Doug Ellison,US,1000000
996,How To Make Everything,US,1000000
997,Seonkyoung Longest,US,1000000
998,Freedom of the Press Foundation,US,1000000
999,The Rock,US,1000000
1000,CNET,US,1000000
1001,CBS New York,US,1000000
1002,Torm place,US,1000000
1003,MLB,US,1000000
1004,VOsprey22,US,1000000
1005,Smyang Piano,US,1000000
1006,Function,US,1000000
1007,MARIO TESTINO,US,1000000
1008,Tyler Stalman,US,1000000
1009,Kerry Wong,US,1000000
1010,MODSUN,US,1000000
1011,Joey Graceffa,US,1000000
1012,Food Wishes,US,1000000
1013,Kyle Jennermann,US,1000000
1014,FC Barcelona,US,1000000
1015,J.J. McCullough,US,1000000
1016,Theme Park Review,US,1000000
1017,Real Madrid C.F.,US,1000000
1018,Official Charts,US,1000000
1019,IFC Films,US,1000000
1020,MYSTERY SCIENCE THEATER 3000,US,1000000
1021,Republican News Watch,US,1000000
1022,Hulu,US,1000000
1023,Famous Celebrities Snaps,US,1000000
1024,DragTimes,US,1000000
1025,Keke Palmer,US,1000000
1026,NBC,US,1000000
1027,Ryan Northover,US,1000000
1028,Derek Hough,US,1000000
1029,XenonJohn,US,1000000
1030,vnbreyes,US,1000000
1031,Doctor Who,US,1000000
1032,NBC Sports,US,1000000
1033,The Royal Family,US,1000000
1034,Mark Sales,US,1000000
1035,KBAK - KBFX - Eyewitness News - BakersfieldNow,US,1000000
1036,Russell Howard,US,1000000
1037,Movieclips Coming Soon,US,1000000
1038,VICELAND,US,1000000
1039,Troom Troom,US,1000000
1040,Jordan Wilson,US,1000000
1041,Linus Tech Tips,US,1000000
1042,FX Networks,US,1000000
1043,Channel Awesome,US,1000000
1044,IFC,US,1000000
1045,Sriram Murali,US,1000000
1046,Dawid Szmandra,US,1000000
1047,nothorwitzer,US,1000000
1048,Lil Peep,US,1000000
1049,TromaMovies,US,1000000
1050,Chris Reinacher,US,1000000
1051,Revolt TV,US,1000000
1052,SmarterEveryDay,US,1000000
1053,Monster Energy,US,1000000
1054,Movieclips Film Festivals & Indie Films,US,1000000
1055,Maymo,US,1000000
1056,Camila Cabello,US,1000000
1057,Chloe x Halle,US,1000000
1058,KBSKpop,US,1000000
1059,Ben Actis,US,1000000
1060,Rebel Wilson,US,1000000
1061,Huxley Berg Studios,US,1000000
1062,gzumwalt,US,1000000
1063,Gcincorp Ecommerce and Real Estate,US,1000000
1064,mugumogu,US,1000000
1065,Onur Altuğ Sever,US,1000000
1066,voordeel,US,1000000
1067,Huw Parkinson,US,1000000
1068,Lil Wayne,US,1000000
1069,Tpindell,US,1000000
1070,The Pet Collective,US,1000000
1071,Patricia Bright,US,1000000
1072,KathleenLights,US,1000000
1073,Edward Avila,US,1000000
1074,Max Skipper,US,1000000
1075,PONY Syndrome,US,1000000
1076,Pero Like,US,1000000
1077,Austin Burk,US,1000000
1078,Josh Levine,US,1000000
1079,automotivemaster1972,US,1000000
1080,UJ,US,1000000
1081,Kevin Noonan,US,1000000
1082,Conor Maynard,US,1000000
1083,Specialized Bicycles,US,1000000
1084,matt,US,1000000
1085,Mr Sunday Movies,US,1000000
1086,Fifty Shades,US,1000000
1087,Piece Of Me Tour Planet Hollywood,US,1000000
1088,Bruce Land,US,1000000
1089,FailArmy,US,1000000
1090,DrMachakil,US,1000000
1091,justintimberlakeVEVO,US,1000000
1092,PlayOverwatch,US,1000000
1093,BØRNSmusicVEVO,US,1000000
1094,Yoga With Adriene,US,1000000
1095,mariahxlambily,US,1000000
1096,TheTimTracker,US,1000000
1097,Guy Tang,US,1000000
1098,CatCreature,US,1000000
1099,Big Marvel,US,1000000
1100,AviciiOfficialVEVO,US,1000000
1101,What's Inside?,US,1000000
1102,Beyonce,US,1000000
1103,Erin Noelle,US,1000000
1104,Braxen McConnell,US,1000000
1105,Like Stories of Old,US,1000000
1106,Cristi Cristian,US,1000000
1107,Mom Will Be Proud,US,1000000
1108,BachelorsPadTv,US,1000000
1109,영국남자 Korean Englishman,US,1000000
1110,Hazel Hayes,US,1000000
1111,Nathan C,US,1000000
1112,Jenn Im,US,1000000
1113,Radio Physics and Electronics,US,1000000
1114,Real World Records,US,1000000
1115,Noah Nicholls,US,1000000
1116,Technology Connections,US,1000000
1117,KBS World TV,US,1000000
1118,Freemeo,US,1000000
1119,Banana Culture Music,US,1000000
1120,Charlie Puth,US,1000000
1121,Pitchfork,US,1000000
1122,RawBeautyKristi,US,1000000
1123,Will Smith,US,1000000
1124,MGM,US,1000000
1125,Peaceful Cuisine,US,1000000
1126,Sprinkleofglitter,US,1000000
1127,Sam Sheffer,US,1000000
1128,Special Books by Special Kids,US,1000000
1129,Today I Found Out,US,1000000
1130,Oceana,US,1000000
1131,TheHoonigans,US,1000000
1132,Street Speed 717,US,1000000
1133,TurboTax,US,1000000
1134,Jalopnik,US,1000000
1135,Sailing La Vagabonde,US,1000000
1136,Strictly Dumpling,US,1000000
1137,Halfway Anywhere,US,1000000
1138,Emma Massingale,US,1000000
1139,The CGBros,US,1000000
1140,Star Wars HQ,US,1000000
1141,Red Robot - Intelligent Distribution,US,1000000
1142,Bee Ly TV,US,1000000
1143,CNLohr,US,1000000
1144,JayZVEVO,US,1000000
1145,BreakingBenjaminVEVO,US,1000000
1146,CrowsEyeProductions,US,1000000
1147,TobyMacVEVO,US,1000000
1148,Vic Dibitetto,US,1000000
1149,CBS Films,US,1000000
1150,Desus & Mero,US,1000000
1151,Popular Woodworking,US,1000000
1152,JAY,US,1000000
1153,Mike H,US,1000000
1154,J Gasser,US,1000000
1155,Livia Giustiniani,US,1000000
1156,Speks,US,1000000
1157,RZSS Highland Wildlife Park,US,1000000
1158,Carlos Campos,US,1000000
1159,StanDrawsSpaceships,US,1000000
1160,Navenanthen Gepardieu,US,1000000
1161,Disney Parks,US,1000000
1162,Daily Davidsons,US,1000000
1163,Haru the Shiba Inu,US,1000000
1164,Battle Universe!,US,1000000
1165,JuJu Smith-Schuster,US,1000000
1166,Sugar Pine 7,US,1000000
1167,Lucas,US,1000000
1168,SuperwomanVlogs,US,1000000
1169,KKandbabyJ,US,1000000
1170,Billions,US,1000000
1171,DanTDM,US,1000000
1172,Daz Games,US,1000000
1173,Alex Aiono,US,1000000
1174,Mustache Wax,US,1000000
1175,CBS Philly,US,1000000
1176,New Orleans Saints on NOLA.com,US,1000000
1177,Adam Whitley,US,1000000
1178,Voltfolio,US,1000000
1179,TheGracieC,US,1000000
1180,Chappell Roan,US,1000000
1181,The Players' Tribune,US,1000000
1182,Benn and Gear,US,1000000
1183,Pop & Sports HQ,US,1000000
1184,Ryan Canty,US,1000000
1185,sWooZie,US,1000000
1186,CaptainDisillusion,US,1000000
1187,startelegramvideo,US,1000000
1188,FOX Soccer,US,1000000
1189,TED,US,1000000
1190,Genuine Survival Research Labs,US,1000000
1191,Tim Barrett,US,1000000
1192,OjO Commuter Scooter by OjO Electric,US,1000000
1193,yovo68,US,1000000
1194,MILCK,US,1000000
1195,Bundesliga,US,1000000
1196,CHauserable,US,1000000
1197,EVNautilus,US,1000000
1198,The Valleyfolk,US,1000000
1199,The Ohana Adventure,US,1000000
1200,Mecum Auctions,US,1000000
1201,In Case You Missed It,US,1000000
1202,That Japanese Man Yuta,US,1000000
1203,New York Daily News,US,1000000
1204,Talks at Google,US,1000000
1205,CityNews Toronto,US,1000000
1206,yeokm1,US,1000000
1207,Dani Ochoa,US,1000000
1208,TroyeSivanVEVO,US,1000000
1209,GamingWithJen,US,1000000
1210,Diplo,US,1000000
1211,Netflix Asia,US,1000000
1212,4given4ever1,US,1000000
1213,JackWhiteVEVO,US,1000000
1214,Natalies Outlet,US,1000000
1215,videogamedunkey,US,1000000
1216,Movieclips Trailers,US,1000000
1217,Walking With Giants,US,1000000
1218,KATC,US,1000000
1219,Bleecker Street,US,1000000
1220,Elvis Duran Show,US,1000000
1221,Chris Rosa,US,1000000
1222,Comicbook.com,US,1000000
1223,Jon B.,US,1000000
1224,Vance Joy,US,1000000
1225,Lofty Pursuits,US,1000000
1226,Queen Naija,US,1000000
1227,Troye Sivan,US,1000000
1228,DoodleChaos,US,1000000
1229,Vsauce2,US,1000000
1230,TheKillersVEVO,US,1000000
1231,Architectural Digest,US,1000000
1232,Alabama Crimson Tide on AL.com,US,1000000
1233,lisbug,US,1000000
1234,WhatsUpMoms,US,1000000
1235,Despierta América,US,1000000
1236,Peloton,US,1000000
1237,RagnBoneManVEVO,US,1000000
1238,MrMobile [Michael Fisher],US,1000000
1239,Southwest Florida Eagle Cam,US,1000000
1240,Jon Olsson,US,1000000
1241,Mamrie Hart,US,1000000
1242,Chubbyemu,US,1000000
1243,ThisDustIn,US,1000000
1244,RedCurtainEnt,US,1000000
1245,Helen Anderson,US,1000000
1246,BMW USA,US,1000000
1247,Dave Lee,US,1000000
1248,NJ.com,US,1000000
1249,OneBitMusicVEVO,US,1000000
1250,Hollyscoop,US,1000000
1251,Humble Design,US,1000000
1252,Mercedes-Benz,US,1000000
1253,IsraeliPM,US,1000000
1254,ekaggrat singh kalsi,US,1000000
1255,SHOWTIME,US,1000000
1256,GrDrtube,US,1000000
1257,shoaib246,US,1000000
1258,PK Inventor,US,1000000
1259,Hin Nya,US,1000000
1260,KickThePj,US,1000000
1261,Total Combat,US,1000000
1262,The Inertia,US,1000000
1263,The Daily Show with Trevor Noah,US,1000000
1264,United Launch Alliance,US,1000000
1265,carrieunderwoodVEVO,US,1000000
1266,Donald J. Trump Topic,US,1000000
1267,BrasherN,US,1000000
1268,Tia Mowry's Quick Fix,US,1000000
1269,tonyvera1902,US,1000000
1270,AnselElgortVEVO,US,1000000
1271,Berd,US,1000000
1272,Matt and Kim,US,1000000
1273,CNNMoney,US,1000000
1274,I.T. Channel,US,1000000
1275,Hayley Kiyoko,US,1000000
1276,IncubusVEVO,US,1000000
1277,Fontgod,US,1000000
1278,Rella On the radio,US,1000000
1279,The Ringer,US,1000000
1280,FiftyShadesVEVO,US,1000000
1281,CBS Evening News,US,1000000
1282,Amber Liu,US,1000000
1283,TheVampsVEVO,US,1000000
1284,My Self Reliance,US,1000000
1285,blackbearVEVO,US,1000000
1286,Guldies,US,1000000
1287,University of Rochester EEOC Complainants,US,1000000
1288,NOVA's Secret Life of Scientists and Engineers,US,1000000
1289,F Milburn,US,1000000
1290,WQAD News 8,US,1000000
1291,lugnutsoldcrap,US,1000000
1292,Mike Olbinski,US,1000000
1293,Let Me Explain Studios,US,1000000
1294,C-SPAN,US,1000000
1295,Kelly Eden,US,1000000
1296,Patrick Nan,US,1000000
1297,Cultaholic,US,1000000
1298,KTVU,US,1000000
1299,Rachelleea,US,1000000
1300,RESSENCE WATCHES,US,1000000
1301,Obama Foundation,US,1000000
1302,Highlight Heaven,US,1000000
1303,MrBeast,US,1000000
1304,Graham The Christian,US,1000000
1305,TRYANGLE FILMS,US,1000000
1306,BaconLegs,US,1000000
1307,Vet Ranch,US,1000000
1308,The Modern Rogue,US,1000000
1309,Viral Paws,US,1000000
1310,eba era,US,1000000
1311,Ryan Calme,US,1000000
1312,NoahKahanVEVO,US,1000000
1313,HANSE 한세,US,1000000
1314,Sieuwe Elferink,US,1000000
1315,Frog The Rooster,US,1000000
1316,TheCubician,US,1000000
1317,See You Yang,US,1000000
1318,3D Printing Nerd,US,1000000
1319,DKDKTV,US,1000000
1320,Na So We See Am,US,1000000
1321,FundingCircleUK,US,1000000
1322,Mike Austin,US,1000000
1323,bill wurtz,US,1000000
1324,NBA on TNT,US,1000000
1325,Casey Holmes,US,1000000
1326,Team Edge,US,1000000
1327,BeckVEVO,US,1000000
1328,MLive,US,1000000
1329,Nicol Concilio,US,1000000
1330,BleachersVEVO,US,1000000
1331,East Idaho News,US,1000000
1332,gamelovercommercials,US,1000000
1333,WHAT'S INSIDE? FAMILY,US,1000000
1334,Hannah Meloche,US,1000000
1335,COVERGIRL,US,1000000
1336,Max Hertan,US,1000000
1337,MandisaVEVO,US,1000000
1338,Joan Kim,US,1000000
1339,Viva La Dirt League,US,1000000
1340,Roadshow,US,1000000
1341,Kortney Steury,US,1000000
1342,Business InsiderAu,US,1000000
1343,AutoGuide.com,US,1000000
1344,Tentmaker Pictures,US,1000000
1345,Stefany Gonzalez,US,1000000
1346,CoinDaddy,US,1000000
1347,Jamie Demeter,US,1000000
1348,FaZe Rug,US,1000000
1349,ChainsmokersVEVO,US,1000000
1350,ASMR Darling,US,1000000
1351,Tina Yong,US,1000000
1352,Christine Sydelko,US,1000000
1353,KIND Snacks,US,1000000
1354,NBA Stats All Seasons,US,1000000
1355,Slednecks,US,1000000
1356,Man About Cake,US,1000000
1357,TraceyThornVEVO,US,1000000
1358,danisnotinteresting,US,1000000
1359,TheSorryGirls,US,1000000
1360,Cat Man Chris,US,1000000
1361,Redline Reviews,US,1000000
1362,Daniel Howell,US,1000000
1363,Ford Motor Company,US,1000000
1364,Paramount Network,US,1000000
1365,FacelesswithEyesOpen,US,1000000
1366,iDB,US,1000000
1367,CrossKut316,US,1000000
1368,Must Love Science,US,1000000
1369,Gondwana Collection Namibia,US,1000000
1370,Dale Dai,US,1000000
1371,TinasheOfficialVEVO,US,1000000
1372,theCHIVE,US,1000000
1373,FrenchMontanaVEVO,US,1000000
1374,Warner Bros. UK,US,1000000
1375,Makeupshayla,US,1000000
1376,PhakeNam,US,1000000
1377,Laura Lee,US,1000000
1378,Australian Open TV,US,1000000
1379,STX Entertainment,US,1000000
1380,NASA Goddard,US,1000000
1381,Brian Klug,US,1000000
1382,heroedelahistoria,US,1000000
1383,Physics Girl,US,1000000
1384,Car Throttle,US,1000000
1385,SRAM MTB,US,1000000
1386,Grist,US,1000000
1387,Duncan Sinfield,US,1000000
1388,PatrickStarrr,US,1000000
1389,The Anna Edit,US,1000000
1390,Lily Pebbles,US,1000000
1391,Lip Sync Battle,US,1000000
1392,WXYZ-TV Detroit | Channel 7,US,1000000
1393,Hamilton: An American Musical,US,1000000
1394,UFC - Ultimate Fighting Championship,US,1000000
1395,Avocado,US,1000000
1396,OlanRogers,US,1000000
1397,Beats 1 Radio,US,1000000
1398,Rita Ora,US,1000000
1399,LaToya Forever,US,1000000
1400,ROME REPORTS in English,US,1000000
1401,Penguin Books South Africa,US,1000000
1402,TheOdd1sOut,US,1000000
1403,Lucas the Spider,US,1000000
1404,Andrew Lowe,US,1000000
1405,Rooster Teeth,US,1000000
1406,Paweł Zadrożniak,US,1000000
1407,Aymeric Favard,US,1000000
1408,Marcos Horacio,US,1000000
1409,Jaiden Animations,US,1000000
1410,A Chick Called Albert,US,1000000
1411,MrTreknation,US,1000000
1412,Chris Smoove,US,1000000
1413,TNT,US,1000000
1414,Hydraulic Press Channel,US,1000000
1415,Sound Bites,US,1000000
1416,Primitive Technology,US,1000000
1417,Ryan Davidson,US,1000000
1418,Corridor,US,1000000
1419,HvdH-Plane-Spotter,US,1000000
1420,AaronsAnimals,US,1000000
1421,How Ridiculous,US,1000000
1422,jeremiah johnson,US,1000000
1423,Techmoan,US,1000000
1424,Townsends,US,1000000
1425,Nicki Shields,US,1000000
1426,SBS TV동물농장x애니멀봐,US,1000000
1427,Candide Thovex,US,1000000
1428,Jason Yu,US,1000000
1429,Nerdist,US,1000000
1430,Funny News,US,1000000
1431,Access,US,1000000
1432,mmschocolate,US,1000000
1433,End of Ze World,US,1000000
1434,Ján Ilavský,US,1000000
1435,cineytele,US,1000000
1436,Laura Kampf,US,1000000
1437,colourpopcosmetics,US,1000000
1438,Rudimental,US,1000000
1439,iotexpert,US,1000000
1440,Oscars,US,1000000
1441,ABC Action News,US,1000000
1442,ZEDDVEVO,US,1000000
1443,PlayStation,US,1000000
1444,LoeyLane,US,1000000
1445,KipMooreVEVO,US,1000000
1446,730 WVFN,US,1000000
1447,Drew Lynch,US,1000000
1448,David Windestal,US,1000000
1449,Caspar,US,1000000
1450,Symon,US,1000000
1451,FloSports,US,1000000
1452,Tony Berza,US,1000000
1453,onsetfacilities.com,US,1000000
1454,BURGER KING,US,1000000
1455,Legendary,US,1000000
1456,Colleen Ballinger,US,1000000
1457,Domics,US,1000000
1458,Bobby Duke Arts,US,1000000
1459,KygoOfficialVEVO,US,1000000
1460,Scotty Sire,US,1000000
1461,Comedy Central,US,1000000
1462,Dennis Kapatos,US,1000000
1463,AdelaineMorin,US,1000000
1464,Newsflare,US,1000000
1465,SKITTLESbrand,US,1000000
1466,JheneAikoVEVO,US,1000000
1467,Elton John,US,1000000
1468,Forgotten Weapons,US,1000000
1469,Calvin Klein,US,1000000
1470,Esther Bellido,US,1000000
1471,ombremor,US,1000000
1472,Funny New Videos,US,1000000
1473,Barcroft Animals,US,1000000
1474,John Varvatos,US,1000000
1475,paul wheaton,US,1000000
1476,TSN Tube,US,1000000
1477,ThreeDaysGraceVEVO,US,1000000
1478,KFC,US,1000000
1479,Alpha Entertainment,US,1000000
1480,Groupon,US,1000000
1481,Pepsi,US,1000000
1482,Morgan Adams,US,1000000
1483,LexusVehicles,US,1000000
1484,EltonJohnVEVO,US,1000000
1485,Everyday Astronaut,US,1000000
1486,Seth's Bike Hacks,US,1000000
1487,Aerie,US,1000000
1488,fantano,US,1000000
1489,DonDiablo,US,1000000
1490,AT&T,US,1000000
1491,DJI,US,1000000
1492,Missouri Star Quilt Company,US,1000000
1493,Geoff Mallinson,US,1000000
1494,Saskatchewan Rush,US,1000000
1495,Any rubbish,US,1000000
1496,Desktop Makes,US,1000000
1497,Electron Dust,US,1000000
1498,JanPaul123,US,1000000
1499,shakiraVEVO,US,1000000
1500,jeffreestar,US,1000000
1501,JasonAldeanVEVO,US,1000000
1502,Daisy Marquez,US,1000000
1503,XAmbassadorsVEVO,US,1000000
1504,EA SPORTS FIFA,US,1000000
1505,JamesBlakeVEVO,US,1000000
1506,MN khan,US,1000000
1507,BLACKPINK,US,1000000
1508,Pomegranate Sunshine,US,1000000
1509,David Archuleta,US,1000000
1510,R3HAB,US,1000000
1511,Interscope Records,US,1000000
1512,The Scam On Demand,US,1000000
1513,Palo Alto Online,US,1000000
1514,494ta,US,1000000
1515,Red Bull Records,US,1000000
1516,marjolijn2,US,1000000
1517,AntsCanada,US,1000000
1518,The 2x Family,US,1000000
1519,Extra Credits,US,1000000
1520,MAZELEE,US,1000000
1521,HaimVEVO,US,1000000
1522,BANGTANTV,US,1000000
1523,Adult Swim UK,US,1000000
1524,Popcorn with Peter Travers,US,1000000
1525,BRIGHT SIDE,US,1000000
1526,iKON,US,1000000
1527,XFL,US,1000000
1528,Jessica Clements,US,1000000
1529,revlon,US,1000000
1530,Cleveland Browns,US,1000000
1531,AirPano,US,1000000
1532,Dean Anderson,US,1000000
1533,SaggyJ,US,1000000
1534,Guava Juice,US,1000000
1535,Solid Gold Aquatics,US,1000000
1536,CBS,US,1000000
1537,ATPWorldTour,US,1000000
1538,X Games,US,1000000
1539,Budweiser,US,1000000
1540,Howl Of A Dog,US,1000000
1541,Recording Academy / GRAMMYs,US,1000000
1542,CatPusic,US,1000000
1543,Oscar Fury,US,1000000
1544,Maddie Lymburner,US,1000000
1545,FerrasVEVO,US,1000000
1546,VideoGameAds,US,1000000
1547,UCAN Zippers USA,US,1000000
1548,pjmorton,US,1000000
1549,What I've Learned,US,1000000
1550,Vevo,US,1000000
1551,Super Netvid,US,1000000
1552,Shyrynne,US,1000000
1553,EntertainmentVevo,US,1000000
1554,Michelob ULTRA,US,1000000
1555,ET Canada,US,1000000
1556,Summoning Salt,US,1000000
1557,WhatCulture Wrestling,US,1000000
1558,Sports Illustrated,US,1000000
1559,RihannaNavyVevo,US,1000000
1560,Shesez,US,1000000
1561,Nick Ramos,US,1000000
1562,Movie'n'co UK,US,1000000
1563,Dustin Penner,US,1000000
1564,Caravan Carolyn,US,1000000
1565,amazon,US,1000000
1566,Kevin Stein,US,1000000
1567,LGR,US,1000000
1568,smoothiethecat,US,1000000
1569,A24,US,1000000
1570,engineerguy,US,1000000
1571,The Action Lab,US,1000000
1572,Catch-Up TV,US,1000000
1573,DaHoopSpot Productions,US,1000000
1574,lugeyps3,US,1000000
1575,Spinach Dippa,US,1000000
1576,J S,US,1000000
1577,Dylan Locke,US,1000000
1578,bitluni's lab,US,1000000
1579,Bini the Bunny,US,1000000
1580,Adam Smith,US,1000000
1581,Slooh,US,1000000
1582,Bebe Rexha,US,1000000
1583,Mountain Dew,US,1000000
1584,PBS Eons,US,1000000
1585,The Bachelor Insider,US,1000000
1586,Exploring Alternatives,US,1000000
1587,Saved By The Max,US,1000000
1588,Midnight Video,US,1000000
1589,WOWPresents,US,1000000
1590,Shaaanxo,US,1000000
1591,3Blue1Brown,US,1000000
1592,Madmorda,US,1000000
1593,BrantleyGilbertVEVO,US,1000000
1594,Kia Motors America,US,1000000
1595,ChvrchesVEVO,US,1000000
1596,Doritos®,US,1000000
1597,Jessica Braun | JAMbeauty89,US,1000000
1598,It's a Southern Thing,US,1000000
1599,Errant Signal,US,1000000
1600,Andrew Rowland,US,1000000
1601,DopeBoyTroy,US,1000000
1602,HouzzTV,US,1000000
1603,Terrormink,US,1000000
1604,NinaNesbittMusicVEVO,US,1000000
1605,theSkimm,US,1000000
1606,Science Magazine,US,1000000
1607,The Angie Martinez Show,US,1000000
1608,Izac Less,US,1000000
1609,Choir! Choir! Choir!,US,1000000
1610,Amarullah Rizky,US,1000000
1611,HyundaiUSA,US,1000000
1612,merrelltwins,US,1000000
1613,Kat Cunning,US,1000000
1614,Prime Video,US,1000000
1615,Campari,US,1000000
1616,Healthcare Triage,US,1000000
1617,PAC ENTRETENIMENTO / DJ IVAN DAVIS,US,1000000
1618,Dish Nation,US,1000000
1619,kawaiisweetworld,US,1000000
1620,Whyte Foxx Music Videos & More,US,1000000
1621,Thomas Sebastian,US,1000000
1622,HalseyVEVO,US,1000000
1623,Toyota Global,US,1000000
1624,Jeopardy!,US,1000000
1625,iggyazaleamusicVEVO,US,1000000
1626,Bret Baier,US,1000000
1627,ScottyMcCreeryVEVO,US,1000000
1628,WFLA News Channel 8,US,1000000
1629,Philadelphia Eagles,US,1000000
1630,India Love,US,1000000
1631,Bud Light,US,1000000
1632,TechCrunch,US,1000000
1633,Kotaku,US,1000000
1634,KylieMinogueOnVEVO,US,1000000
1635,TRL,US,1000000
1636,Wintergatan,US,1000000
1637,9-1-1 on FOX,US,1000000
1638,Avocados From Mexico,US,1000000
1639,StorrorBlog,US,1000000
1640,This Is Us,US,1000000
1641,Feast Of Fiction,US,1000000
1642,The Square to Spare,US,1000000
1643,CBS Chicago,US,1000000
1644,Adam's Apple,US,1000000
1645,ARIKITCHEN (아리키친),US,1000000
1646,Nickelodeon,US,1000000
1647,Neil Fraser,US,1000000
1648,Joshua Levin,US,1000000
1649,MiddleKidsVEVO,US,1000000
1650,Check It Out,US,1000000
1651,Kylie Jenner,US,1000000
1652,Tide,US,1000000
1653,Ram Trucks,US,1000000
1654,Jeep,US,1000000
1655,Australia,US,1000000
1656,Quicken Loans,US,1000000
1657,SB-LII Commercials,US,1000000
1658,Kaplamino,US,1000000
1659,The Key of Awesome,US,1000000
1660,Monster Cable Products,US,1000000
1661,Chris Turner,US,1000000
1662,Animal Planet,US,1000000
1663,"Cyprus Air Heating, Cooling and Fireplaces",US,1000000
1664,Kraft Brand,US,1000000
1665,TDAmeritrade,US,1000000
1666,Persil ProClean,US,1000000
1667,Turkish Airlines,US,1000000
1668,Toyota USA,US,1000000
1669,Wix.com,US,1000000
1670,Rise,US,1000000
1671,Coca-Cola,US,1000000
1672,WeatherTech,US,1000000
1673,Sprint,US,1000000
1674,Intuit,US,1000000
1675,Motherboard,US,1000000
1676,Shawn,US,1000000
1677,dannotv,US,1000000
1678,WhatsApp Wacky,US,1000000
1679,Squarespace,US,1000000
1680,MassMutual,US,1000000
1681,PekingDukVEVO,US,1000000
1682,Wendy's,US,1000000
1683,Funny Commercials,US,1000000
1684,ClovesVEVO,US,1000000
1685,Chris Sturgeon,US,1000000
1686,Us Weekly,US,1000000
1687,NFL Network,US,1000000
1688,ALL URBAN CENTRAL,US,1000000
1689,Diet Coke,US,1000000
1690,NoahCyrusVEVO,US,1000000
1691,Vinheteiro,US,1000000
1692,World Eyes,US,1000000
1693,TopClips247,US,1000000
1694,Commercials Funny,US,1000000
1695,Horizon Productions SFL,US,1000000
1696,Jesse,US,1000000
1697,StingVEVO,US,1000000
1698,Glamour Magazine,US,1000000
1699,stacyvlogs,US,1000000
1700,Hudson Moore,US,1000000
1701,Barstool Sports,US,1000000
1702,Lorraine,US,1000000
1703,Max Fagin,US,1000000
1704,heyitsfeiii,US,1000000
1705,Tim Gray,US,1000000
1706,McDonald's,US,1000000
1707,Steeper33,US,1000000
1708,Represent.Us,US,1000000
1709,India Survival Guide,US,1000000
1710,The ACE Family,US,1000000
1711,Chilly Willy,US,1000000
1712,Jack Coyne,US,1000000
1713,LOL Network,US,1000000
1714,the Hacksmith,US,1000000
1715,CalvinHarrisVEVO,US,1000000
1716,JamesBayVEVO,US,1000000
1717,RealNewsNetworkMedia,US,1000000
1718,NIXOLAS,US,1000000
1719,ColdFusion,US,1000000
1720,Omaze,US,1000000
1721,Christopher Davis,US,1000000
1722,My Virgin Kitchen,US,1000000
1723,Tryst Network,US,1000000
1724,Rapid Trailer,US,1000000
1725,Nike,US,1000000
1726,Pinball Wiz,US,1000000
1727,CamVEVO,US,1000000
1728,Marshmello,US,1000000
1729,kehlani parrish,US,1000000
1730,MGMTVEVO,US,1000000
1731,Aunty Donna,US,1000000
1732,NewsFunnies,US,1000000
1733,Anna Saccone,US,1000000
1734,Nathan Robinson,US,1000000
1735,Hush Kit,US,1000000
1736,Allie Glines,US,1000000
1737,Olympic,US,1000000
1738,Wall Street Journal,US,1000000
1739,Absolut,US,1000000
1740,LOOK MUM NO COMPUTER,US,1000000
1741,Studio C,US,1000000
1742,hwow,US,1000000
1743,Asian Boss,US,1000000
1744,Squirrel Monkey,US,1000000
1745,All is Art,US,1000000
1746,Alex Meyers,US,1000000
1747,BETNetworks,US,1000000
1748,Radio Andy,US,1000000
1749,Alto's Adventure,US,1000000
1750,Land Rover,US,1000000
1751,ToniBraxtonVEVO,US,1000000
1752,TheMeanKitty,US,1000000
1753,L2inc,US,1000000
1754,So I Had This Idea...,US,1000000
1755,BenTheBondsman,US,1000000
1756,DrakeBellVEVO,US,1000000
1757,Senator Chris Murphy,US,1000000
1758,Nikita Dragun,US,1000000
1759,MinuteEarth,US,1000000
1760,Royal Blood,US,1000000
1761,Strange incident,US,1000000
1762,Parks and Recreation,US,1000000
1763,Samsung Mobile USA,US,1000000
1764,Recode,US,1000000
1765,The Thought Emporium,US,1000000
1766,BerkleyLovesTori,US,1000000
1767,souviendra,US,1000000
1768,WGA West,US,1000000
1769,Mikey Murphy,US,1000000
1770,Highsnobiety,US,1000000
1771,Evan Edinger,US,1000000
1772,TV One,US,1000000
1773,Muse,US,1000000
1774,Blonded,US,1000000
1775,LustreLux,US,1000000
1776,Turn10Studios,US,1000000
1777,Trace Cyrus,US,1000000
1778,Lionsgate Movies,US,1000000
1779,Cody'sBLab,US,1000000
1780,Peter Brown,US,1000000
1781,BellaThorneVEVO,US,1000000
1782,Bill Gates,US,1000000
1783,Topic,US,1000000
1784,OVO Sound,US,1000000
1785,JayRockVEVO,US,1000000
1786,Zebra Corner,US,1000000
1787,Janelle Monáe,US,1000000
1788,Disney Descendants,US,1000000
1789,Cobra Kai,US,1000000
1790,Crusoe the Celebrity Dachshund,US,1000000
1791,SeanPaulVEVO,US,1000000
1792,mittromney,US,1000000
1793,Julien Solomita,US,1000000
1794,KFlayVEVO,US,1000000
1795,Cosmopolitan.com,US,1000000
1796,Paris Hilton,US,1000000
1797,Golden State Warriors,US,1000000
1798,Алексей Навальный,US,1000000
1799,Just Jared Jr,US,1000000
1800,Tony Baker Comedy,US,1000000
1801,Amanda Palmer,US,1000000
1802,Dancing On Ice,US,1000000
1803,NASCAR,US,1000000
1804,Circus HalliGalli,US,1000000
1805,JP & Julia,US,1000000
1806,Ricky Dillon,US,1000000
1807,The Cincinnati Zoo & Botanical Garden,US,1000000
1808,Channon Rose Vlogs,US,1000000
1809,Writers Guild of America East,US,1000000
1810,Swish Daily,US,1000000
1811,Malik Nabee,US,1000000
1812,Prince Marcus,US,1000000
1813,monatheband,US,1000000
1814,Cartoon Hangover,US,1000000
1815,mike m,US,1000000
1816,News 5 Cleveland,US,1000000
1817,Sauber F1 Team,US,1000000
1818,Smequle,US,1000000
1819,Fancy Vlogs By Gab,US,1000000
1820,Barn Sanctuary,US,1000000
1821,LaurDIY,US,1000000
1822,Billy Graham Evangelistic Association,US,1000000
1823,Recanto Ecológico Rio da Prata,US,1000000
1824,Strange Parts,US,1000000
1825,Jake Roper,US,1000000
1826,BAFTA,US,1000000
1827,Kylie Moy,US,1000000
1828,5SOSVEVO,US,1000000
1829,CMT,US,1000000
1830,keshaVEVO,US,1000000
1831,StudiocanalUK,US,1000000
1832,Mercedes-AMG Petronas Motorsport,US,1000000
1833,doddleoddle,US,1000000
1834,Jimmy Built,US,1000000
1835,Michael Callaghan,US,1000000
1836,Song Of Style,US,1000000
1837,JohnnyQ90,US,1000000
1838,Sylvia Gani,US,1000000
1839,Renault Sport,US,1000000
1840,BenDeen,US,1000000
1841,42Fab - Metalworking and Multi-Medium Fabrication,US,1000000
1842,Lotto New Zealand,US,1000000
1843,Ryan,US,1000000
1844,samfryltd,US,1000000
1845,Wallows,US,1000000
1846,Ryan Is Driving,US,1000000
1847,ShibSibs,US,1000000
1848,BishopBriggsVEVO,US,1000000
1849,SnoopDoggVEVO,US,1000000
1850,LewisCapaldiVEVO,US,1000000
1851,RickyMartinVEVO,US,1000000
1852,Allure,US,1000000
1853,The Warp Zone,US,1000000
1854,The Alex Jones Channel,US,1000000
1855,fuzywazacolin,US,1000000
1856,notnotryan,US,1000000
1857,Никита Ордынский,US,1000000
1858,Clicknetwork,US,1000000
1859,Violin MD,US,1000000
1860,rock on,US,1000000
1861,Sparkee Music,US,1000000
1862,Because Science,US,1000000
1863,Iris,US,1000000
1864,Kacey Musgraves - Topic,US,1000000
1865,Fox Business,US,1000000
1866,PESfilm,US,1000000
1867,Twin Shadow,US,1000000
1868,BRITs,US,1000000
1869,Abhishek Singh,US,1000000
1870,1MILLION Dance Studio,US,1000000
1871,joyner lucas,US,1000000
1872,Samsung,US,1000000
1873,RomanAtwoodVlogs,US,1000000
1874,jbalvinVEVO,US,1000000
1875,Kris Harbour,US,1000000
1876,FunForLouis,US,1000000
1877,BillyCrammer,US,1000000
1878,AvE,US,1000000
1879,Liza Koshy Too,US,1000000
1880,"Rock me, Joey Santiago.",US,1000000
1881,Kid Rock,US,1000000
1882,ChrisYoungVEVO,US,1000000
1883,Desimpedidos,US,1000000
1884,BowlFullofAwesome,US,1000000
1885,LiveOverflow,US,1000000
1886,Ivan Miranda,US,1000000
1887,Gentle Whispering ASMR,US,1000000
1888,Practical Engineering,US,1000000
1889,Stratolaunch,US,1000000
1890,Engineering Explained,US,1000000
1891,Real Engineering,US,1000000
1892,The Royal Ocean Film Society,US,1000000
1893,Walt Disney Animation Studios,US,1000000
1894,Ryland Adams,US,1000000
1895,Waymo,US,1000000
1896,Owen Harvey,US,1000000
1897,Gemma Stafford,US,1000000
1898,Luke Korns,US,1000000
1899,Quartz,US,1000000
1900,King Princess,US,1000000
1901,MeghanTrainorVEVO,US,1000000
1902,N W,US,1000000
1903,Blake Shelton,US,1000000
1904,CrossFit®,US,1000000
1905,Gibi ASMR,US,1000000
1906,GeorgeEzraVEVO,US,1000000
1907,Claire Marshall,US,1000000
1908,Daily Dose Of Internet,US,1000000
1909,圧倒的不審者の極み!,US,1000000
1910,Braille Skateboarding,US,1000000
1911,Techquickie,US,1000000
1912,Scott Manley,US,1000000
1913,Film Independent,US,1000000
1914,Don Diablo,US,1000000
1915,BonJoviVEVO,US,1000000
1916,Zach King,US,1000000
1917,Bethany Wilhelm,US,1000000
1918,The Joint Forces Channel,US,1000000
1919,Ten Second Songs,US,1000000
1920,As/Is,US,1000000
1921,ODE,US,1000000
1922,Kristen Hancher,US,1000000
1923,Ladylike,US,1000000
1924,cheeseandjamsandwich,US,1000000
1925,Mitchell Moon,US,1000000
1926,LavenderTowne,US,1000000
1927,Living Big In A Tiny House,US,1000000
1928,Call of Duty,US,1000000
1929,Illumination,US,1000000
1930,DJKhaledVEVO,US,1000000
1931,Ben Katz,US,1000000
1932,TkyoSam,US,1000000
1933,This Might Get,US,1000000
1934,akidearest,US,1000000
1935,GameXplain,US,1000000
1936,VH1,US,1000000
1937,SadeVEVO,US,1000000
1938,Matt Stonie,US,1000000
1939,Reaction Time,US,1000000
1940,Kylie Minogue,US,1000000
1941,Roxette Arisa,US,1000000
1942,David Seymour,US,1000000
1943,AusAntarctic,US,1000000
1944,JohnNewmanVEVO,US,1000000
1945,Pick Up Limes,US,1000000
1946,UEFA.tv,US,1000000
1947,BT Sport,US,1000000
1948,Carli Bybel,US,1000000
1949,K-MUSIC,US,1000000
1950,oregon,US,1000000
1951,Kitty Hawk,US,1000000
1952,Good Mythical MORE,US,1000000
1953,American Idol,US,1000000
1954,brutalmoose,US,1000000
1955,Annapurna Channel,US,1000000
1956,Johnny Jansen,US,1000000
1957,MalumaVEVO,US,1000000
1958,Harper's BAZAAR,US,1000000
1959,MTV,US,1000000
1960,Gabbie Hanna,US,1000000
1961,Kensuke Koike,US,1000000
1962,RachhLoves,US,1000000
1963,Warped Perception,US,1000000
1964,NCAA March Madness,US,1000000
1965,Sonic the Hedgehog,US,1000000
1966,SELF,US,1000000
1967,League of Legends,US,1000000
1968,Lenarr Young,US,1000000
1969,Talking Kitty Cat,US,1000000
1970,GRB rally,US,1000000
1971,Keyboard Cat,US,1000000
1972,SabrinaCarpenterVEVO,US,1000000
1973,Lucas and Marcus,US,1000000
1974,BrainfooTV,US,1000000
1975,Cimorelli,US,1000000
1976,Lindsay Webster,US,1000000
1977,To Scale:,US,1000000
1978,Bramty Juliette,US,1000000
1979,Deep Look,US,1000000
1980,G-Eazy,US,1000000
1981,CJENMMUSIC Official,US,1000000
1982,Wouldn't Change a Thing,US,1000000
1983,Charlie Corts,US,1000000
1984,Shawn Mendes,US,1000000
1985,Unecht Erfunden,US,1000000
1986,thataylaa,US,1000000
1987,UMF TV,US,1000000
1988,JelloApocalypse,US,1000000
1989,Impulse,US,1000000
1990,Disney On Broadway,US,1000000
1991,SHAYTARDS,US,1000000
1992,PBS Space Time,US,1000000
1993,eLL cartoons,US,1000000
1994,FOOD INSIDER,US,1000000
1995,KaceyMusgravesVEVO,US,1000000
1996,Kim Kardashian West,US,1000000
1997,Sidemen,US,1000000
1998,TmarTn2,US,1000000
1999,Discovery UK,US,1000000
2000,FORMULA 1,US,1000000
2001,WUSA9,US,1000000
2002,GPhase,US,1000000
2003,jacksepticeye,US,1000000
2004,littlerobotgirl,US,1000000
2005,Riverdale,US,1000000
2006,CalebCity,US,1000000
2007,blayze999,US,1000000
2008,ESPN UK,US,1000000
2009,Liverpool FC,US,1000000
2010,Denitslava Makeup,US,1000000
2011,barnabydixon,US,1000000
2012,Andre Will Do It,US,1000000
2013,The Weeknd,US,1000000
2014,NHL,US,1000000
2015,Mary Giannone,US,1000000
2016,Mike Shinoda,US,1000000
2017,Major League Soccer,US,1000000
2018,ToriKellyVEVO,US,1000000
2019,SodaStream,US,1000000
2020,Bleacher Report,US,1000000
2021,WaterTower Music,US,1000000
2022,Freddie Twenty,US,1000000
2023,StarTalk,US,1000000
2024,DuckSoss,US,1000000
2025,Scotty Kilmer,US,1000000
2026,KYLE HANAGAMI,US,1000000
2027,Burritoxman,US,1000000
2028,ScatterBrain News,US,1000000
2029,Kristin Johns,US,1000000
2030,Nyma Tang,US,1000000
2031,WINNER,US,1000000
2032,johnlegendVEVO,US,1000000
2033,Sabrina Claudio,US,1000000
2034,Coachella,US,1000000
2035,TheWeekndVEVO,US,1000000
2036,ZaynVEVO,US,1000000
2037,FlorenceMachineVEVO,US,1000000
2038,Cammie Scott,US,1000000
2039,AlishaMarieVlogs,US,1000000
2040,Carrie Underwood,US,1000000
2041,Alex French Guy Cooking,US,1000000
2042,UFC ON FOX,US,1000000
2043,DrakeVEVO,US,1000000
2044,Gustawny,US,1000000
2045,The Game Theorists,US,1000000
2046,Global News,US,1000000
2047,Mean Girls on Broadway,US,1000000
2048,Primitive Survival Tool,US,1000000
2049,DIY Perks,US,1000000
2050,Mrwhosetheboss,US,1000000
2051,DALLMYD,US,1000000
2052,Nicki Minaj,US,1000000
2053,DaveHax,US,1000000
2054,Carter Sharer,US,1000000
2055,Britain's Got Talent,US,1000000
2056,FOX 17 WXMI,US,1000000
2057,ignoramusky,US,1000000
2058,JOE.ie,US,1000000
2059,AnimalWised,US,1000000
2060,Philly D,US,1000000
2061,PressTube,US,1000000
2062,Tanner Fox,US,1000000
2063,Global Road Entertainment,US,1000000
2064,iamAURORAVEVO,US,1000000
2065,ThatcherJoe,US,1000000
2066,Beats 1 on Apple Music,US,1000000
2067,FoundFlix,US,1000000
2068,GingerPale,US,1000000
2069,Matt Bentkowski,US,1000000
2070,Prince,US,1000000
2071,SomeThingElseYT,US,1000000
2072,Billie Eilish,US,1000000
2073,Papa Jake,US,1000000
2074,DrinkBODYARMOR,US,1000000
2075,Steve1989MREInfo,US,1000000
2076,BeckyGVEVO,US,1000000
2077,ArianaGrandeVevo,US,1000000
2078,Bobby Bones,US,1000000
2079,Nikki Glamour,US,1000000
2080,Dobre Brothers,US,1000000
2081,DONG,US,1000000
2082,PolyMatter,US,1000000
2083,Sister Circle Live,US,1000000
2084,googledoodles,US,1000000
2085,Rapid Highlights,US,1000000
2086,Fortnite,US,1000000
2087,Clash Royale,US,1000000
2088,Blossom,US,1000000
2089,AbrahamMateoVEVO,US,1000000
2090,Skip and Shannon: UNDISPUTED,US,1000000
2091,WatchMojo.com,US,1000000
2092,MamaMiaMakeup,US,1000000
2093,FoxStarHindi,US,1000000
2094,TWICE JAPAN OFFICIAL YouTube Channel,US,1000000
2095,Ariana Grande`,US,1000000
2096,Conan Gray,US,1000000
2097,Hometalk,US,1000000
2098,J. Cole,US,1000000
2099,zefrank1,US,1000000
2100,H3 Podcast Highlights,US,1000000
2101,USA Gymnastics,US,1000000
2102,Jess Conte,US,1000000
2103,Beth Kobliner,US,1000000
2104,BillieEilishVEVO,US,1000000
2105,Mercury News,US,1000000
2106,Motion Station,US,1000000
2107,Mason Ramsey,US,1000000
2108,RoadsideFlix,US,1000000
2109,Jason Mraz,US,1000000
2110,OWN,US,1000000
2111,Kanye West - Topic,US,1000000
2112,AzzyLand,US,1000000
2113,Gordon Ramsay,US,1000000
2114,Tim Milgram,US,1000000
2115,Kanye West,US,1000000
2116,Sam O'Nella Academy,US,1000000
2117,The Wendy Williams Show,US,1000000
2118,RiceGum,US,1000000
2119,Helpful Vancouver Vet,US,1000000
2120,acaciacutie,US,1000000
2121,BBALLBREAKDOWN,US,1000000
2122,CelineDionVEVO,US,1000000
2123,AlisonWonderlandVEVO,US,1000000
2124,NickiMinajAtVEVO,US,1000000
2125,EnriqueIglesiasVEVO,US,1000000
2126,Moulin Rouge! the Musical,US,1000000
2127,Battle Universe,US,1000000
2128,Jess Glynne,US,1000000
2129,ChildishGambinoVEVO,US,1000000
2130,PewDiePie,US,1000000
2131,Christina Aguilera,US,1000000
2132,STARZ,US,1000000
2133,JuliaMichaelsVEVO,US,1000000
2134,Google Developers,US,1000000
2135,ABC News (Australia),US,1000000
2136,OmarGoshTV,US,1000000
2137,Olivia Jade,US,1000000
2138,EvanescenceVEVO,US,1000000
2139,SnowPatrolVEVO,US,1000000
2140,Tiffany Day,US,1000000
2141,Gallant,US,1000000
2142,johnmayerVEVO,US,1000000
2143,Selena Gomez,US,1000000
2144,Tesla,US,1000000
2145,杰威爾音樂 JVR Music,US,1000000
2146,New Amsterdam,US,1000000
2147,Manifest,US,1000000
2148,Vat19,US,1000000
2149,davematthewsbandVEVO,US,1000000
2150,TheOdd2sOut,US,1000000
2151,MBCentertainment,US,1000000
2152,ITV,US,1000000
2153,Microsoft Surface,US,1000000
2154,BackstreetBoysVEVO,US,1000000
2155,FifthHarmonyVEVO,US,1000000
2156,miniminter,US,1000000
2157,Daddy Yankee,US,1000000
2158,Dragonfoxgirl,US,1000000
2159,Dan And Shay,US,1000000
2160,"Tyler, The Creator",US,1000000
2161,BBC Sport,US,1000000
2162,John Mayer,US,1000000
2163,camelsandfriends,US,1000000
2164,Jake Paul,US,1000000
2165,NickyJamTV,US,1000000
2166,AzealiaBanksVEVO,US,1000000
2167,The Sims,US,1000000
2168,DidYouKnowGaming?,US,1000000
2169,MustardVEVO,US,1000000
2170,Eh Bee Family,US,1000000
2171,H O N N E,US,1000000
2172,weezer,US,1000000
2173,SumerianRecords,US,1000000
2174,The Official Pokémon YouTube channel,US,1000000
2175,America's Got Talent,US,1000000
2176,Erika Costell,US,1000000
2177,Gorillaz,US,1000000
2178,Clean Bandit,US,1000000
2179,SUMERIAN,US,1000000
2180,The 1975,US,1000000
2181,MaggieRogersVEVO,US,1000000
2182,Mark Wiens,US,1000000
2183,radiodisney,US,1000000
2184,A&E,US,1000000
2185,bulletvalentineVEVO,US,1000000
2186,David Dobrik,US,1000000
2187,MNEKVEVO,US,1000000
2188,TheInternetVEVO,US,1000000
2189,shgurr,US,1000000
2190,The1975VEVO,US,1000000
2191,DreamWorksTV,US,1000000
2192,Anthem Game,US,1000000
2193,Battlefield,US,1000000
2194,EA SPORTS,US,1000000
2195,British Vogue,US,1000000
2196,gameslice,US,1000000
2197,Clash of Clans,US,1000000
2198,FamilyFeud,US,1000000
2199,Bethesda Softworks,US,1000000
2200,Cyberpunk 2077,US,1000000
2201,Kingdom Hearts,US,1000000
2202,Studio MDHR,US,1000000
2203,HALO,US,1000000
2204,Ben Kronengold,US,1000000
2205,All Def Digital,US,1000000
2206,How It Should Have Ended,US,1000000
2207,Ubisoft North America,US,1000000
